{
    "LDCT": {
        "psnr_iter_0": 28.13596313388151,
        "ssim_iter_0": 0.5067019492909718,
        "fsim_iter_0": 0.9338603615760803,
        "vif_iter_0": 0.17269398272037506,
        "nqm_iter_0": 23.268369645398867
    },
    "deProj": {
        "psnr_iter_1": 37.08754278793622,
        "ssim_iter_1": 0.8811211443247677,
        "fsim_iter_1": 0.9809287190437317,
        "vif_iter_1": 0.4174688756465912,
        "nqm_iter_1": 29.025771664769508
    },
    "deImg": {},
    "deProg": {
        "psnr_iter_1": 42.806408328796934,
        "ssim_iter_1": 0.9656287177000986,
        "fsim_iter_1": 0.9861693382263184,
        "vif_iter_1": 0.7518535852432251,
        "nqm_iter_1": 29.525738563473528
    },
    "deProj2img": {}
}